ID;Titulo;Autor;Estado actual;Grupo duplicado;Copia superior;PDF registrado;PDF existe;PDF size;Contenido confiable;Paginado;Problema detectado;DECISION DEFINITIVA;Justificacion;Accion futura
1;Sin datos en snapshot;Desconocido;Regular;;;NO;NO;;SI;NO;Ninguno;REVISAR_MANUALMENTE;"Sin datos suficientes en snapshot; requiere verificacion manual";Verificar existencia y contenido en produccion
2;Sin datos en snapshot;Desconocido;Regular;;;NO;NO;;SI;NO;Ninguno;REVISAR_MANUALMENTE;"Sin datos suficientes en snapshot; requiere verificacion manual";Verificar existencia y contenido en produccion
3;Sin datos en snapshot;Desconocido;Regular;;;NO;NO;;SI;NO;Ninguno;REVISAR_MANUALMENTE;"Sin datos suficientes en snapshot; requiere verificacion manual";Verificar existencia y contenido en produccion
4;Sin datos en snapshot;Desconocido;Regular;;;NO;NO;;SI;NO;Ninguno;REVISAR_MANUALMENTE;"Sin datos suficientes en snapshot; requiere verificacion manual";Verificar existencia y contenido en produccion
5;Cien Anos de Soledad;Gabriel Garcia Marquez;Seed;;;NO;NO;;NO;NO;Fabricado 200x;CONSERVAR;"Contenido original verificable en seed_books.py; protegido por auditoria";NO_TOCAR
6;Rayuela;Julio Cortazar;Seed;;;NO;NO;;NO;NO;Fabricado 200x;CONSERVAR;"Contenido original verificable en seed_books.py; protegido por auditoria";NO_TOCAR
7;Pedro Paramo;Juan Rulfo;Seed;;;NO;NO;;NO;NO;Fabricado 200x;CONSERVAR;"Contenido original verificable en seed_books.py; protegido por auditoria";NO_TOCAR
8;La Casa de los Espiritus;Isabel Allende;Seed;;;NO;NO;;NO;NO;Fabricado 200x;CONSERVAR;"Contenido original verificable en seed_books.py; protegido por auditoria";NO_TOCAR
9;El Tunel;Ernesto Sabato;Seed;;;NO;NO;;NO;NO;Fabricado 200x;REPROCESAR_DESDE_CONTENIDO;"Seed con contenido multiplicado 200x; fuente original en seed_books.py";Reemplazar content con texto de seed_books.py y repaginar
10;Ficciones;Jorge Luis Borges;Seed;;;NO;NO;;NO;NO;Fabricado 200x;CONSERVAR;"Contenido original verificable en seed_books.py; protegido por auditoria";NO_TOCAR
11;Como Agua para Chocolate;Laura Esquivel;Seed;;;NO;NO;;NO;NO;Fabricado 200x;CONSERVAR;"Contenido original verificable en seed_books.py; protegido por auditoria";NO_TOCAR
12;El Amor en los Tiempos del Colera;Gabriel Garcia Marquez;Seed;;;NO;NO;;NO;NO;Fabricado 200x;CONSERVAR;"Contenido original verificable en seed_books.py; protegido por auditoria";NO_TOCAR
13;La Sombra del Viento;Carlos Ruiz Zafon;Seed;;;NO;NO;;NO;NO;Fabricado 200x;CONSERVAR;"Contenido original verificable en seed_books.py; protegido por auditoria";NO_TOCAR
14;Aura;Carlos Fuentes;Seed;;;NO;NO;;NO;NO;Fabricado 200x;REPROCESAR_DESDE_CONTENIDO;"Seed con contenido multiplicado 200x; fuente original en seed_books.py";Reemplazar content con texto de seed_books.py y repaginar
15;Los Detectives Salvajes;Roberto Bolano;Seed;;;NO;NO;;NO;NO;Fabricado 200x;REPROCESAR_DESDE_CONTENIDO;"Seed con contenido multiplicado 200x; fuente original en seed_books.py";Reemplazar content con texto de seed_books.py y repaginar
16;Cronica de una Muerte Anunciada;Gabriel Garcia Marquez;Seed;;;NO;NO;;NO;NO;Fabricado 200x;REPROCESAR_DESDE_CONTENIDO;"Seed con contenido multiplicado 200x; fuente original en seed_books.py";Reemplazar content con texto de seed_books.py y repaginar
17;Don Quijote de la Mancha;Miguel de Cervantes;Seed;;;NO;NO;;NO;NO;Fabricado 200x;REPROCESAR_DESDE_CONTENIDO;"Seed con contenido multiplicado 200x; fuente original en seed_books.py";Reemplazar content con texto de seed_books.py y repaginar
18;El Principito;Antoine de Saint-Exupery;Seed;18, 128;;NO;NO;;NO;NO;"Fabricado 200x; Duplicado";REPROCESAR_DESDE_CONTENIDO;"Seed con contenido multiplicado 200x; fuente original en seed_books.py";Reemplazar content con texto de seed_books.py y repaginar
19;Orgullo y Prejuicio;Jane Austen;Seed;;;NO;NO;;NO;NO;Fabricado 200x;CONSERVAR;"Contenido original verificable en seed_books.py; protegido por auditoria";NO_TOCAR
20;Crimen y Castigo;Fiodor Dostoievski;Seed;;;NO;NO;;NO;NO;Fabricado 200x;REPROCESAR_DESDE_CONTENIDO;"Seed con contenido multiplicado 200x; fuente original en seed_books.py";Reemplazar content con texto de seed_books.py y repaginar
21;Los Miserables;Victor Hugo;Seed;;;NO;NO;;NO;NO;Fabricado 200x;CONSERVAR;"Contenido original verificable en seed_books.py; protegido por auditoria";NO_TOCAR
22;La Odisea;Homero;Seed;22, 144, 157, 170;;NO;NO;;NO;NO;"Fabricado 200x; Duplicado";REPROCESAR_DESDE_CONTENIDO;"Seed con contenido multiplicado 200x; fuente original en seed_books.py";Reemplazar content con texto de seed_books.py y repaginar
23;Anna Karenina;Leon Tolstoi;Seed;;;NO;NO;;NO;NO;Fabricado 200x;REPROCESAR_DESDE_CONTENIDO;"Seed con contenido multiplicado 200x; fuente original en seed_books.py";Reemplazar content con texto de seed_books.py y repaginar
24;Hamlet;William Shakespeare;Seed;;;NO;NO;;NO;NO;Fabricado 200x;REPROCESAR_DESDE_CONTENIDO;"Seed con contenido multiplicado 200x; fuente original en seed_books.py";Reemplazar content con texto de seed_books.py y repaginar
25;La Divina Comedia;Dante Alighieri;Seed;;;NO;NO;;NO;NO;Fabricado 200x;REPROCESAR_DESDE_CONTENIDO;"Seed con contenido multiplicado 200x; fuente original en seed_books.py";Reemplazar content con texto de seed_books.py y repaginar
26;Madame Bovary;Gustave Flaubert;Seed;;;NO;NO;;NO;NO;Fabricado 200x;REPROCESAR_DESDE_CONTENIDO;"Seed con contenido multiplicado 200x; fuente original en seed_books.py";Reemplazar content con texto de seed_books.py y repaginar
27;El Conde de Montecristo;Alejandro Dumas;Seed;;;NO;NO;;NO;NO;Fabricado 200x;REPROCESAR_DESDE_CONTENIDO;"Seed con contenido multiplicado 200x; fuente original en seed_books.py";Reemplazar content con texto de seed_books.py y repaginar
28;Las Mil y Una Noches;Anonimo;Seed;;;NO;NO;;NO;NO;Fabricado 200x;REPROCESAR_DESDE_CONTENIDO;"Seed con contenido multiplicado 200x; fuente original en seed_books.py";Reemplazar content con texto de seed_books.py y repaginar
29;1984;George Orwell;Seed;;;NO;NO;;NO;NO;Fabricado 200x;CONSERVAR;"Contenido original verificable en seed_books.py; protegido por auditoria";NO_TOCAR
30;Un Mundo Feliz;Aldous Huxley;Seed;;;NO;NO;;NO;NO;Fabricado 200x;REPROCESAR_DESDE_CONTENIDO;"Seed con contenido multiplicado 200x; fuente original en seed_books.py";Reemplazar content con texto de seed_books.py y repaginar
31;Fahrenheit 451;Ray Bradbury;Seed;;;NO;NO;;NO;NO;Fabricado 200x;REPROCESAR_DESDE_CONTENIDO;"Seed con contenido multiplicado 200x; fuente original en seed_books.py";Reemplazar content con texto de seed_books.py y repaginar
32;Dune;Frank Herbert;Seed;;;NO;NO;;NO;NO;Fabricado 200x;REPROCESAR_DESDE_CONTENIDO;"Seed con contenido multiplicado 200x; fuente original en seed_books.py";Reemplazar content con texto de seed_books.py y repaginar
33;Fundacion;Isaac Asimov;Seed;;;NO;NO;;NO;NO;Fabricado 200x;REPROCESAR_DESDE_CONTENIDO;"Seed con contenido multiplicado 200x; fuente original en seed_books.py";Reemplazar content con texto de seed_books.py y repaginar
34;Cronicas Marcianas;Ray Bradbury;Seed;;;NO;NO;;NO;NO;Fabricado 200x;CONSERVAR;"Contenido original verificable en seed_books.py; protegido por auditoria";NO_TOCAR
35;Neuromante;William Gibson;Seed;;;NO;NO;;NO;NO;Fabricado 200x;REPROCESAR_DESDE_CONTENIDO;"Seed con contenido multiplicado 200x; fuente original en seed_books.py";Reemplazar content con texto de seed_books.py y repaginar
36;El Juego de Ender;Orson Scott Card;Seed;;;NO;NO;;NO;NO;Fabricado 200x;REPROCESAR_DESDE_CONTENIDO;"Seed con contenido multiplicado 200x; fuente original en seed_books.py";Reemplazar content con texto de seed_books.py y repaginar
37;2001: Una Odisea del Espacio;Arthur C. Clarke;Seed;;;NO;NO;;NO;NO;Fabricado 200x;REPROCESAR_DESDE_CONTENIDO;"Seed con contenido multiplicado 200x; fuente original en seed_books.py";Reemplazar content con texto de seed_books.py y repaginar
38;Solaris;Stanislaw Lem;Seed;;;NO;NO;;NO;NO;Fabricado 200x;REPROCESAR_DESDE_CONTENIDO;"Seed con contenido multiplicado 200x; fuente original en seed_books.py";Reemplazar content con texto de seed_books.py y repaginar
39;La Guerra de los Mundos;H. G. Wells;Seed;;;NO;NO;;NO;NO;Fabricado 200x;REPROCESAR_DESDE_CONTENIDO;"Seed con contenido multiplicado 200x; fuente original en seed_books.py";Reemplazar content con texto de seed_books.py y repaginar
40;El Marciano;Andy Weir;Seed;;;NO;NO;;NO;NO;Fabricado 200x;REPROCESAR_DESDE_CONTENIDO;"Seed con contenido multiplicado 200x; fuente original en seed_books.py";Reemplazar content con texto de seed_books.py y repaginar
41;It;Stephen King;Seed;;;NO;NO;;NO;NO;Fabricado 200x;CONSERVAR;"Contenido original verificable en seed_books.py; protegido por auditoria";NO_TOCAR
42;Dracula;Bram Stoker;Seed;;;NO;NO;;NO;NO;Fabricado 200x;REPROCESAR_DESDE_CONTENIDO;"Seed con contenido multiplicado 200x; fuente original en seed_books.py";Reemplazar content con texto de seed_books.py y repaginar
43;Frankenstein;Mary Shelley;Seed;;;NO;NO;;NO;NO;Fabricado 200x;REPROCESAR_DESDE_CONTENIDO;"Seed con contenido multiplicado 200x; fuente original en seed_books.py";Reemplazar content con texto de seed_books.py y repaginar
44;El Resplandor;Stephen King;Seed;;;NO;NO;;NO;NO;Fabricado 200x;REPROCESAR_DESDE_CONTENIDO;"Seed con contenido multiplicado 200x; fuente original en seed_books.py";Reemplazar content con texto de seed_books.py y repaginar
45;La Llamada de Cthulhu;H. P. Lovecraft;Seed;;;NO;NO;;NO;NO;Fabricado 200x;REPROCESAR_DESDE_CONTENIDO;"Seed con contenido multiplicado 200x; fuente original en seed_books.py";Reemplazar content con texto de seed_books.py y repaginar
46;El Exorcista;William Peter Blatty;Seed;;;NO;NO;;NO;NO;Fabricado 200x;REPROCESAR_DESDE_CONTENIDO;"Seed con contenido multiplicado 200x; fuente original en seed_books.py";Reemplazar content con texto de seed_books.py y repaginar
47;Cementerio de Animales;Stephen King;Seed;;;NO;NO;;NO;NO;Fabricado 200x;REPROCESAR_DESDE_CONTENIDO;"Seed con contenido multiplicado 200x; fuente original en seed_books.py";Reemplazar content con texto de seed_books.py y repaginar
48;El Fantasma de la Opera;Gaston Leroux;Seed;;;NO;NO;;NO;NO;Fabricado 200x;REPROCESAR_DESDE_CONTENIDO;"Seed con contenido multiplicado 200x; fuente original en seed_books.py";Reemplazar content con texto de seed_books.py y repaginar
49;La Maldicion de Hill House;Shirley Jackson;Seed;;;NO;NO;;NO;NO;Fabricado 200x;REPROCESAR_DESDE_CONTENIDO;"Seed con contenido multiplicado 200x; fuente original en seed_books.py";Reemplazar content con texto de seed_books.py y repaginar
50;Misery;Stephen King;Seed;;;NO;NO;;NO;NO;Fabricado 200x;REPROCESAR_DESDE_CONTENIDO;"Seed con contenido multiplicado 200x; fuente original en seed_books.py";Reemplazar content con texto de seed_books.py y repaginar
51;Veinte Poemas de Amor y una Cancion Desesperada;Pablo Neruda;Seed;;;NO;NO;;NO;NO;Fabricado 200x;REPROCESAR_DESDE_CONTENIDO;"Seed con contenido multiplicado 200x; fuente original en seed_books.py";Reemplazar content con texto de seed_books.py y repaginar
52;Canto General;Pablo Neruda;Seed;;;NO;NO;;NO;NO;Fabricado 200x;REPROCESAR_DESDE_CONTENIDO;"Seed con contenido multiplicado 200x; fuente original en seed_books.py";Reemplazar content con texto de seed_books.py y repaginar
53;Poeta en Nueva York;Federico Garcia Lorca;Seed;;;NO;NO;;NO;NO;Fabricado 200x;REPROCESAR_DESDE_CONTENIDO;"Seed con contenido multiplicado 200x; fuente original en seed_books.py";Reemplazar content con texto de seed_books.py y repaginar
54;Romancero Gitano;Federico Garcia Lorca;Seed;;;NO;NO;;NO;NO;Fabricado 200x;REPROCESAR_DESDE_CONTENIDO;"Seed con contenido multiplicado 200x; fuente original en seed_books.py";Reemplazar content con texto de seed_books.py y repaginar
55;Altazor;Vicente Huidobro;Seed;;;NO;NO;;NO;NO;Fabricado 200x;REPROCESAR_DESDE_CONTENIDO;"Seed con contenido multiplicado 200x; fuente original en seed_books.py";Reemplazar content con texto de seed_books.py y repaginar
56;Trilce;Cesar Vallejo;Seed;;;NO;NO;;NO;NO;Fabricado 200x;REPROCESAR_DESDE_CONTENIDO;"Seed con contenido multiplicado 200x; fuente original en seed_books.py";Reemplazar content con texto de seed_books.py y repaginar
57;Los Heraldos Negros;Cesar Vallejo;Seed;;;NO;NO;;NO;NO;Fabricado 200x;REPROCESAR_DESDE_CONTENIDO;"Seed con contenido multiplicado 200x; fuente original en seed_books.py";Reemplazar content con texto de seed_books.py y repaginar
58;Piedra de Sol;Octavio Paz;Seed;;;NO;NO;;NO;NO;Fabricado 200x;REPROCESAR_DESDE_CONTENIDO;"Seed con contenido multiplicado 200x; fuente original en seed_books.py";Reemplazar content con texto de seed_books.py y repaginar
59;Hojas de Hierba;Walt Whitman;Seed;;;NO;NO;;NO;NO;Fabricado 200x;REPROCESAR_DESDE_CONTENIDO;"Seed con contenido multiplicado 200x; fuente original en seed_books.py";Reemplazar content con texto de seed_books.py y repaginar
60;Cien Sonetos de Amor;Pablo Neruda;Seed;;;NO;NO;;NO;NO;Fabricado 200x;REPROCESAR_DESDE_CONTENIDO;"Seed con contenido multiplicado 200x; fuente original en seed_books.py";Reemplazar content con texto de seed_books.py y repaginar
61;Sapiens: De Animales a Dioses;Yuval Noah Harari;Seed;;;NO;NO;;NO;NO;Fabricado 200x;REPROCESAR_DESDE_CONTENIDO;"Seed con contenido multiplicado 200x; fuente original en seed_books.py";Reemplazar content con texto de seed_books.py y repaginar
62;El Arte de la Guerra;Sun Tzu;Seed;;;NO;NO;;NO;NO;Fabricado 200x;REPROCESAR_DESDE_CONTENIDO;"Seed con contenido multiplicado 200x; fuente original en seed_books.py";Reemplazar content con texto de seed_books.py y repaginar
63;Breve Historia del Mundo;Ernst H. Gombrich;Seed;;;NO;NO;;NO;NO;Fabricado 200x;REPROCESAR_DESDE_CONTENIDO;"Seed con contenido multiplicado 200x; fuente original en seed_books.py";Reemplazar content con texto de seed_books.py y repaginar
64;Los Conquistadores;John Hemming;Seed;;;NO;NO;;NO;NO;Fabricado 200x;REPROCESAR_DESDE_CONTENIDO;"Seed con contenido multiplicado 200x; fuente original en seed_books.py";Reemplazar content con texto de seed_books.py y repaginar
65;El Diario de Ana Frank;Ana Frank;Seed;;;NO;NO;;NO;NO;Fabricado 200x;REPROCESAR_DESDE_CONTENIDO;"Seed con contenido multiplicado 200x; fuente original en seed_books.py";Reemplazar content con texto de seed_books.py y repaginar
66;Memorias de Adriano;Marguerite Yourcenar;Seed;;;NO;NO;;NO;NO;Fabricado 200x;REPROCESAR_DESDE_CONTENIDO;"Seed con contenido multiplicado 200x; fuente original en seed_books.py";Reemplazar content con texto de seed_books.py y repaginar
67;Historia de Dos Ciudades;Charles Dickens;Seed;;;NO;NO;;NO;NO;Fabricado 200x;REPROCESAR_DESDE_CONTENIDO;"Seed con contenido multiplicado 200x; fuente original en seed_books.py";Reemplazar content con texto de seed_books.py y repaginar
68;21 Lecciones para el Siglo XXI;Yuval Noah Harari;Seed;;;NO;NO;;NO;NO;Fabricado 200x;REPROCESAR_DESDE_CONTENIDO;"Seed con contenido multiplicado 200x; fuente original en seed_books.py";Reemplazar content con texto de seed_books.py y repaginar
69;Las Venas Abiertas de America Latina;Eduardo Galeano;Seed;;;NO;NO;;NO;NO;Fabricado 200x;REPROCESAR_DESDE_CONTENIDO;"Seed con contenido multiplicado 200x; fuente original en seed_books.py";Reemplazar content con texto de seed_books.py y repaginar
70;El Laberinto de la Soledad;Octavio Paz;Seed;;;NO;NO;;NO;NO;Fabricado 200x;REPROCESAR_DESDE_CONTENIDO;"Seed con contenido multiplicado 200x; fuente original en seed_books.py";Reemplazar content con texto de seed_books.py y repaginar
71;El Mundo de Sofia;Jostein Gaarder;Seed;;;NO;NO;;NO;NO;Fabricado 200x;REPROCESAR_DESDE_CONTENIDO;"Seed con contenido multiplicado 200x; fuente original en seed_books.py";Reemplazar content con texto de seed_books.py y repaginar
72;Asi Hablo Zaratustra;Friedrich Nietzsche;Seed;;;NO;NO;;NO;NO;Fabricado 200x;REPROCESAR_DESDE_CONTENIDO;"Seed con contenido multiplicado 200x; fuente original en seed_books.py";Reemplazar content con texto de seed_books.py y repaginar
73;La Republica;Platon;Seed;;;NO;NO;;NO;NO;Fabricado 200x;REPROCESAR_DESDE_CONTENIDO;"Seed con contenido multiplicado 200x; fuente original en seed_books.py";Reemplazar content con texto de seed_books.py y repaginar
74;Meditaciones;Marco Aurelio;Seed;;;NO;NO;;NO;NO;Fabricado 200x;REPROCESAR_DESDE_CONTENIDO;"Seed con contenido multiplicado 200x; fuente original en seed_books.py";Reemplazar content con texto de seed_books.py y repaginar
75;El Banquete;Platon;Seed;;;NO;NO;;NO;NO;Fabricado 200x;REPROCESAR_DESDE_CONTENIDO;"Seed con contenido multiplicado 200x; fuente original en seed_books.py";Reemplazar content con texto de seed_books.py y repaginar
76;El Ser y la Nada;Jean-Paul Sartre;Seed;;;NO;NO;;NO;NO;Fabricado 200x;REPROCESAR_DESDE_CONTENIDO;"Seed con contenido multiplicado 200x; fuente original en seed_books.py";Reemplazar content con texto de seed_books.py y repaginar
77;El Arte de Amar;Erich Fromm;Seed;;;NO;NO;;NO;NO;Fabricado 200x;REPROCESAR_DESDE_CONTENIDO;"Seed con contenido multiplicado 200x; fuente original en seed_books.py";Reemplazar content con texto de seed_books.py y repaginar
78;Etica para Amador;Fernando Savater;Seed;;;NO;NO;;NO;NO;Fabricado 200x;REPROCESAR_DESDE_CONTENIDO;"Seed con contenido multiplicado 200x; fuente original en seed_books.py";Reemplazar content con texto de seed_books.py y repaginar
79;Elogio de la Locura;Erasmo de Rotterdam;Seed;;;NO;NO;;NO;NO;Fabricado 200x;REPROCESAR_DESDE_CONTENIDO;"Seed con contenido multiplicado 200x; fuente original en seed_books.py";Reemplazar content con texto de seed_books.py y repaginar
80;El Principe;Maquiavelo;Seed;;;NO;NO;;NO;NO;Fabricado 200x;REPROCESAR_DESDE_CONTENIDO;"Seed con contenido multiplicado 200x; fuente original en seed_books.py";Reemplazar content con texto de seed_books.py y repaginar
81;El Alquimista;Paulo Coelho;Seed;;;NO;NO;;NO;NO;Fabricado 200x;REPROCESAR_DESDE_CONTENIDO;"Seed con contenido multiplicado 200x; fuente original en seed_books.py";Reemplazar content con texto de seed_books.py y repaginar
82;Los 7 Habitos de la Gente Altamente Efectiva;Stephen Covey;Seed;;;NO;NO;;NO;NO;Fabricado 200x;REPROCESAR_DESDE_CONTENIDO;"Seed con contenido multiplicado 200x; fuente original en seed_books.py";Reemplazar content con texto de seed_books.py y repaginar
83;El Poder del Ahora;Eckhart Tolle;Seed;;;NO;NO;;NO;NO;Fabricado 200x;REPROCESAR_DESDE_CONTENIDO;"Seed con contenido multiplicado 200x; fuente original en seed_books.py";Reemplazar content con texto de seed_books.py y repaginar
84;Padre Rico, Padre Pobre;Robert Kiyosaki;Seed;;;NO;NO;;NO;NO;Fabricado 200x;REPROCESAR_DESDE_CONTENIDO;"Seed con contenido multiplicado 200x; fuente original en seed_books.py";Reemplazar content con texto de seed_books.py y repaginar
85;Habitos Atomicos;James Clear;Seed;;;NO;NO;;NO;NO;Fabricado 200x;REPROCESAR_DESDE_CONTENIDO;"Seed con contenido multiplicado 200x; fuente original en seed_books.py";Reemplazar content con texto de seed_books.py y repaginar
86;El Monje que Vendio su Ferrari;Robin Sharma;Seed;;;NO;NO;;NO;NO;Fabricado 200x;REPROCESAR_DESDE_CONTENIDO;"Seed con contenido multiplicado 200x; fuente original en seed_books.py";Reemplazar content con texto de seed_books.py y repaginar
87;Piense y Hagase Rico;Napoleon Hill;Seed;;;NO;NO;;NO;NO;Fabricado 200x;REPROCESAR_DESDE_CONTENIDO;"Seed con contenido multiplicado 200x; fuente original en seed_books.py";Reemplazar content con texto de seed_books.py y repaginar
88;El Sutil Arte de que No te Importe Nada;Mark Manson;Seed;;;NO;NO;;NO;NO;Fabricado 200x;REPROCESAR_DESDE_CONTENIDO;"Seed con contenido multiplicado 200x; fuente original en seed_books.py";Reemplazar content con texto de seed_books.py y repaginar
89;Los Cuatro Acuerdos;Don Miguel Ruiz;Seed;;;NO;NO;;NO;NO;Fabricado 200x;REPROCESAR_DESDE_CONTENIDO;"Seed con contenido multiplicado 200x; fuente original en seed_books.py";Reemplazar content con texto de seed_books.py y repaginar
90;Inteligencia Emocional;Daniel Goleman;Seed;;;NO;NO;;NO;NO;Fabricado 200x;REPROCESAR_DESDE_CONTENIDO;"Seed con contenido multiplicado 200x; fuente original en seed_books.py";Reemplazar content con texto de seed_books.py y repaginar
91;Romeo y Julieta;William Shakespeare;Seed;;;NO;NO;;NO;NO;Fabricado 200x;REPROCESAR_DESDE_CONTENIDO;"Seed con contenido multiplicado 200x; fuente original en seed_books.py";Reemplazar content con texto de seed_books.py y repaginar
92;Cumbres Borrascosas;Emily Bronte;Seed;;;NO;NO;;NO;NO;Fabricado 200x;REPROCESAR_DESDE_CONTENIDO;"Seed con contenido multiplicado 200x; fuente original en seed_books.py";Reemplazar content con texto de seed_books.py y repaginar
93;Jane Eyre;Charlotte Bronte;Seed;;;NO;NO;;NO;NO;Fabricado 200x;REPROCESAR_DESDE_CONTENIDO;"Seed con contenido multiplicado 200x; fuente original en seed_books.py";Reemplazar content con texto de seed_books.py y repaginar
94;El Fantasma de Canterville;Oscar Wilde;Seed;;;NO;NO;;NO;NO;Fabricado 200x;REPROCESAR_DESDE_CONTENIDO;"Seed con contenido multiplicado 200x; fuente original en seed_books.py";Reemplazar content con texto de seed_books.py y repaginar
95;Persuasion;Jane Austen;Seed;;;NO;NO;;NO;NO;Fabricado 200x;REPROCESAR_DESDE_CONTENIDO;"Seed con contenido multiplicado 200x; fuente original en seed_books.py";Reemplazar content con texto de seed_books.py y repaginar
96;Las Batallas en el Desierto;Jose Emilio Pacheco;Seed;;;NO;NO;;NO;NO;Fabricado 200x;REPROCESAR_DESDE_CONTENIDO;"Seed con contenido multiplicado 200x; fuente original en seed_books.py";Reemplazar content con texto de seed_books.py y repaginar
97;Doctor Zhivago;Boris Pasternak;Seed;;;NO;NO;;NO;NO;Fabricado 200x;REPROCESAR_DESDE_CONTENIDO;"Seed con contenido multiplicado 200x; fuente original en seed_books.py";Reemplazar content con texto de seed_books.py y repaginar
98;La Dama de las Camelias;Alexandre Dumas;Seed;;;NO;NO;;NO;NO;Fabricado 200x;REPROCESAR_DESDE_CONTENIDO;"Seed con contenido multiplicado 200x; fuente original en seed_books.py";Reemplazar content con texto de seed_books.py y repaginar
99;El Amor en los Tiempos de la Peste;Gabriel Garcia Marquez;Seed;;;NO;NO;;NO;NO;Fabricado 200x;REPROCESAR_DESDE_CONTENIDO;"Seed con contenido multiplicado 200x; fuente original en seed_books.py";Reemplazar content con texto de seed_books.py y repaginar
100;Corazon;Edmondo De Amicis;Seed;;;NO;NO;;NO;NO;Fabricado 200x;REPROCESAR_DESDE_CONTENIDO;"Seed con contenido multiplicado 200x; fuente original en seed_books.py";Reemplazar content con texto de seed_books.py y repaginar
101;La Isla del Tesoro;Robert Louis Stevenson;Seed;;;NO;NO;;NO;NO;Fabricado 200x;REPROCESAR_DESDE_CONTENIDO;"Seed con contenido multiplicado 200x; fuente original en seed_books.py";Reemplazar content con texto de seed_books.py y repaginar
102;Veinte Mil Leguas de Viaje Submarino;Julio Verne;Seed;;;NO;NO;;NO;NO;Fabricado 200x;REPROCESAR_DESDE_CONTENIDO;"Seed con contenido multiplicado 200x; fuente original en seed_books.py";Reemplazar content con texto de seed_books.py y repaginar
103;El Senor de los Anillos;J. R. R. Tolkien;Seed;;;NO;NO;;NO;NO;Fabricado 200x;REPROCESAR_DESDE_CONTENIDO;"Seed con contenido multiplicado 200x; fuente original en seed_books.py";Reemplazar content con texto de seed_books.py y repaginar
104;El Hobbit;J. R. R. Tolkien;Seed;;;NO;NO;;NO;NO;Fabricado 200x;REPROCESAR_DESDE_CONTENIDO;"Seed con contenido multiplicado 200x; fuente original en seed_books.py";Reemplazar content con texto de seed_books.py y repaginar
105;Las Aventuras de Tom Sawyer;Mark Twain;Seed;;;NO;NO;;NO;NO;Fabricado 200x;REPROCESAR_DESDE_CONTENIDO;"Seed con contenido multiplicado 200x; fuente original en seed_books.py";Reemplazar content con texto de seed_books.py y repaginar
106;Robinson Crusoe;Daniel Defoe;Seed;;;NO;NO;;NO;NO;Fabricado 200x;REPROCESAR_DESDE_CONTENIDO;"Seed con contenido multiplicado 200x; fuente original en seed_books.py";Reemplazar content con texto de seed_books.py y repaginar
107;La Vuelta al Mundo en 80 Dias;Julio Verne;Seed;;;NO;NO;;NO;NO;Fabricado 200x;REPROCESAR_DESDE_CONTENIDO;"Seed con contenido multiplicado 200x; fuente original en seed_books.py";Reemplazar content con texto de seed_books.py y repaginar
108;Moby Dick;Herman Melville;Seed;;;NO;NO;;NO;NO;Fabricado 200x;REPROCESAR_DESDE_CONTENIDO;"Seed con contenido multiplicado 200x; fuente original en seed_books.py";Reemplazar content con texto de seed_books.py y repaginar
109;Los Tres Mosqueteros;Alexandre Dumas;Seed;;;NO;NO;;NO;NO;Fabricado 200x;REPROCESAR_DESDE_CONTENIDO;"Seed con contenido multiplicado 200x; fuente original en seed_books.py";Reemplazar content con texto de seed_books.py y repaginar
110;Viaje al Centro de la Tierra;Julio Verne;Seed;;;NO;NO;;NO;NO;Fabricado 200x;REPROCESAR_DESDE_CONTENIDO;"Seed con contenido multiplicado 200x; fuente original en seed_books.py";Reemplazar content con texto de seed_books.py y repaginar
111;Cosmos;Carl Sagan;Seed;;;NO;NO;;NO;NO;Fabricado 200x;REPROCESAR_DESDE_CONTENIDO;"Seed con contenido multiplicado 200x; fuente original en seed_books.py";Reemplazar content con texto de seed_books.py y repaginar
112;Breve Historia del Tiempo;Stephen Hawking;Seed;;;NO;NO;;NO;NO;Fabricado 200x;REPROCESAR_DESDE_CONTENIDO;"Seed con contenido multiplicado 200x; fuente original en seed_books.py";Reemplazar content con texto de seed_books.py y repaginar
113;El Gen Egoista;Richard Dawkins;Seed;;;NO;NO;;NO;NO;Fabricado 200x;REPROCESAR_DESDE_CONTENIDO;"Seed con contenido multiplicado 200x; fuente original en seed_books.py";Reemplazar content con texto de seed_books.py y repaginar
114;El Universo en una Cascara de Nuez;Stephen Hawking;Seed;;;NO;NO;;NO;NO;Fabricado 200x;REPROCESAR_DESDE_CONTENIDO;"Seed con contenido multiplicado 200x; fuente original en seed_books.py";Reemplazar content con texto de seed_books.py y repaginar
115;Astrofisica para Gente con Prisa;Neil deGrasse Tyson;Seed;;;NO;NO;;NO;NO;Fabricado 200x;REPROCESAR_DESDE_CONTENIDO;"Seed con contenido multiplicado 200x; fuente original en seed_books.py";Reemplazar content con texto de seed_books.py y repaginar
116;El Origen de las Especies;Charles Darwin;Seed;;;NO;NO;;NO;NO;Fabricado 200x;REPROCESAR_DESDE_CONTENIDO;"Seed con contenido multiplicado 200x; fuente original en seed_books.py";Reemplazar content con texto de seed_books.py y repaginar
117;La Estructura de las Revoluciones Cientificas;Thomas Kuhn;Seed;;;NO;NO;;NO;NO;Fabricado 200x;CONSERVAR;"Contenido original verificable en seed_books.py; protegido por auditoria";NO_TOCAR
118;La Doble Helice;James Watson;Seed;;;NO;NO;;NO;NO;Fabricado 200x;REPROCESAR_DESDE_CONTENIDO;"Seed con contenido multiplicado 200x; fuente original en seed_books.py";Reemplazar content con texto de seed_books.py y repaginar
119;Seis Piezas Faciles;Richard Feynman;Seed;;;NO;NO;;NO;NO;Fabricado 200x;REPROCESAR_DESDE_CONTENIDO;"Seed con contenido multiplicado 200x; fuente original en seed_books.py";Reemplazar content con texto de seed_books.py y repaginar
120;Un Punto Azul Palido;Carl Sagan;Seed;;;NO;NO;;NO;NO;Fabricado 200x;REPROCESAR_DESDE_CONTENIDO;"Seed con contenido multiplicado 200x; fuente original en seed_books.py";Reemplazar content con texto de seed_books.py y repaginar
121;Charlie y la Fabrica de Chocolate;Roald Dahl;Seed;;;NO;NO;;NO;NO;Fabricado 200x;REPROCESAR_DESDE_CONTENIDO;"Seed con contenido multiplicado 200x; fuente original en seed_books.py";Reemplazar content con texto de seed_books.py y repaginar
122;Matilda;Roald Dahl;Seed;;;NO;NO;;NO;NO;Fabricado 200x;REPROCESAR_DESDE_CONTENIDO;"Seed con contenido multiplicado 200x; fuente original en seed_books.py";Reemplazar content con texto de seed_books.py y repaginar
123;Las Cronicas de Narnia: El Leon, la Bruja y el Ropero;C. S. Lewis;Seed;;;NO;NO;;NO;NO;Fabricado 200x;REPROCESAR_DESDE_CONTENIDO;"Seed con contenido multiplicado 200x; fuente original en seed_books.py";Reemplazar content con texto de seed_books.py y repaginar
124;Harry Potter y la Piedra Filosofal;J. K. Rowling;Seed;;;NO;NO;;NO;NO;Fabricado 200x;REPROCESAR_DESDE_CONTENIDO;"Seed con contenido multiplicado 200x; fuente original en seed_books.py";Reemplazar content con texto de seed_books.py y repaginar
125;El Diario de Greg;Jeff Kinney;Seed;;;NO;NO;;NO;NO;Fabricado 200x;REPROCESAR_DESDE_CONTENIDO;"Seed con contenido multiplicado 200x; fuente original en seed_books.py";Reemplazar content con texto de seed_books.py y repaginar
126;James y el Melocoton Gigante;Roald Dahl;Seed;;;NO;NO;;NO;NO;Fabricado 200x;REPROCESAR_DESDE_CONTENIDO;"Seed con contenido multiplicado 200x; fuente original en seed_books.py";Reemplazar content con texto de seed_books.py y repaginar
127;Donde Viven los Monstruos;Maurice Sendak;Seed;;;NO;NO;;NO;NO;Fabricado 200x;REPROCESAR_DESDE_CONTENIDO;"Seed con contenido multiplicado 200x; fuente original en seed_books.py";Reemplazar content con texto de seed_books.py y repaginar
128;El Principito;Antoine de Saint-Exupery;Seed;18, 128;;NO;NO;;NO;NO;"Fabricado 200x; Duplicado";REPROCESAR_DESDE_CONTENIDO;"Seed con contenido multiplicado 200x; fuente original en seed_books.py";Reemplazar content con texto de seed_books.py y repaginar
129;Alicia en el Pais de las Maravillas;Lewis Carroll;Seed;;;NO;NO;;NO;NO;Fabricado 200x;REPROCESAR_DESDE_CONTENIDO;"Seed con contenido multiplicado 200x; fuente original en seed_books.py";Reemplazar content con texto de seed_books.py y repaginar
130;Cuentos de la Selva;Horacio Quiroga;Seed;;;NO;NO;;NO;NO;Fabricado 200x;REPROCESAR_DESDE_CONTENIDO;"Seed con contenido multiplicado 200x; fuente original en seed_books.py";Reemplazar content con texto de seed_books.py y repaginar
131;Sin datos en snapshot;Desconocido;Regular;;;NO;NO;;SI;NO;Ninguno;REVISAR_MANUALMENTE;"Sin datos suficientes en snapshot; requiere verificacion manual";Verificar existencia y contenido en produccion
132;Sin datos en snapshot;Desconocido;Regular;;;NO;NO;;SI;NO;Ninguno;REVISAR_MANUALMENTE;"Sin datos suficientes en snapshot; requiere verificacion manual";Verificar existencia y contenido en produccion
133;Crimen y castigo;S/D;Placeholder;133, 159;133;NO;NO;;NO;NO;"Placeholder; Duplicado";REVISAR_MANUALMENTE;"Placeholder pero es copia superior del grupo; verificar si existe fuente alternativa";Pendiente de decision manual
134;Los heraldos negros;S/D;Placeholder;134, 147, 160;134;NO;NO;;NO;NO;"Placeholder; Duplicado";REVISAR_MANUALMENTE;"Placeholder pero es copia superior del grupo; verificar si existe fuente alternativa";Pendiente de decision manual
135;Sangre de Campe¾n: Sin Cadenas;S/D;Placeholder;135, 148, 161;135;NO;NO;;NO;NO;"Placeholder; Duplicado";REVISAR_MANUALMENTE;"Placeholder pero es copia superior del grupo; verificar si existe fuente alternativa";Pendiente de decision manual
136;Ciro Alegria   El Mundo Es Ancho Y Ajeno;S/D;Placeholder;136, 149, 162;136;NO;NO;;NO;NO;"Placeholder; Duplicado";REVISAR_MANUALMENTE;"Placeholder pero es copia superior del grupo; verificar si existe fuente alternativa";Pendiente de decision manual
137;CrimenCastigo.PDF;S/D;Placeholder;137, 150, 163;137;NO;NO;;NO;NO;"Placeholder; Duplicado";REVISAR_MANUALMENTE;"Placeholder pero es copia superior del grupo; verificar si existe fuente alternativa";Pendiente de decision manual
138;Microsoft Word - Dante Alighieri - Divina comedia.doc;S/D;Placeholder;138, 151, 164;138;NO;NO;;NO;NO;"Placeholder; Duplicado";REVISAR_MANUALMENTE;"Placeholder pero es copia superior del grupo; verificar si existe fuente alternativa";Pendiente de decision manual
139;El Caballero Carmelo;S/D;Placeholder;139, 152, 165;139;NO;NO;;NO;NO;"Placeholder; Duplicado";REVISAR_MANUALMENTE;"Placeholder pero es copia superior del grupo; verificar si existe fuente alternativa";Pendiente de decision manual
140;EL MUNDO ES ANCHO Y AJENO;S/D;Placeholder;140, 153, 166;140;NO;NO;;NO;NO;"Placeholder; Duplicado";REVISAR_MANUALMENTE;"Placeholder pero es copia superior del grupo; verificar si existe fuente alternativa";Pendiente de decision manual
141;edipo.PDF;S/D;Placeholder;141, 154, 167;141;NO;NO;;NO;NO;"Placeholder; Duplicado";REVISAR_MANUALMENTE;"Placeholder pero es copia superior del grupo; verificar si existe fuente alternativa";Pendiente de decision manual
142;Romeo y Julieta;S/D;Placeholder;142, 155, 168;142;NO;NO;;NO;NO;"Placeholder; Duplicado";REVISAR_MANUALMENTE;"Placeholder pero es copia superior del grupo; verificar si existe fuente alternativa";Pendiente de decision manual
143;ÐA CATITA;S/D;Placeholder;143, 156, 169;143;NO;NO;;NO;NO;"Placeholder; Duplicado";REVISAR_MANUALMENTE;"Placeholder pero es copia superior del grupo; verificar si existe fuente alternativa";Pendiente de decision manual
144;La Odisea;S/D;Placeholder;22, 144, 157, 170;22;NO;NO;;NO;NO;"Placeholder; Duplicado";ELIMINAR_DUPLICADO;"Placeholder y duplicado inferior; copia superior: ID 22";Pendiente de decision manual
145;Memorias de subsuelo ;S/D;Regular;;;NO;NO;;NO;NO;Fabricado 534x;CONSERVAR;"Contenido completo y confiable; protegido por auditoria";NO_TOCAR
146;Sin datos en snapshot;Desconocido;Regular;;;NO;NO;;SI;NO;Ninguno;REVISAR_MANUALMENTE;"Sin datos suficientes en snapshot; requiere verificacion manual";Verificar existencia y contenido en produccion
147;Los heraldos negros;S/D;Placeholder;134, 147, 160;134;NO;NO;;NO;NO;"Placeholder; Duplicado";ELIMINAR_DUPLICADO;"Placeholder y duplicado inferior; copia superior: ID 134";Pendiente de decision manual
148;Sangre de Campe¾n: Sin Cadenas;S/D;Placeholder;135, 148, 161;135;NO;NO;;NO;NO;"Placeholder; Duplicado";ELIMINAR_DUPLICADO;"Placeholder y duplicado inferior; copia superior: ID 135";Pendiente de decision manual
149;Ciro Alegria   El Mundo Es Ancho Y Ajeno;S/D;Placeholder;136, 149, 162;136;NO;NO;;NO;NO;"Placeholder; Duplicado";ELIMINAR_DUPLICADO;"Placeholder y duplicado inferior; copia superior: ID 136";Pendiente de decision manual
150;CrimenCastigo.PDF;S/D;Placeholder;137, 150, 163;137;NO;NO;;NO;NO;"Placeholder; Duplicado";ELIMINAR_DUPLICADO;"Placeholder y duplicado inferior; copia superior: ID 137";Pendiente de decision manual
151;Microsoft Word - Dante Alighieri - Divina comedia.doc;S/D;Placeholder;138, 151, 164;138;NO;NO;;NO;NO;"Placeholder; Duplicado";ELIMINAR_DUPLICADO;"Placeholder y duplicado inferior; copia superior: ID 138";Pendiente de decision manual
152;El Caballero Carmelo;S/D;Placeholder;139, 152, 165;139;NO;NO;;NO;NO;"Placeholder; Duplicado";ELIMINAR_DUPLICADO;"Placeholder y duplicado inferior; copia superior: ID 139";Pendiente de decision manual
153;EL MUNDO ES ANCHO Y AJENO;S/D;Placeholder;140, 153, 166;140;NO;NO;;NO;NO;"Placeholder; Duplicado";ELIMINAR_DUPLICADO;"Placeholder y duplicado inferior; copia superior: ID 140";Pendiente de decision manual
154;edipo.PDF;S/D;Placeholder;141, 154, 167;141;NO;NO;;NO;NO;"Placeholder; Duplicado";ELIMINAR_DUPLICADO;"Placeholder y duplicado inferior; copia superior: ID 141";Pendiente de decision manual
155;Romeo y Julieta;S/D;Placeholder;142, 155, 168;142;NO;NO;;NO;NO;"Placeholder; Duplicado";ELIMINAR_DUPLICADO;"Placeholder y duplicado inferior; copia superior: ID 142";Pendiente de decision manual
156;ÐA CATITA;S/D;Placeholder;143, 156, 169;143;NO;NO;;NO;NO;"Placeholder; Duplicado";ELIMINAR_DUPLICADO;"Placeholder y duplicado inferior; copia superior: ID 143";Pendiente de decision manual
157;La Odisea;S/D;Placeholder;22, 144, 157, 170;22;NO;NO;;NO;NO;"Placeholder; Duplicado";ELIMINAR_DUPLICADO;"Placeholder y duplicado inferior; copia superior: ID 22";Pendiente de decision manual
158;Noches blancas ;S/D;Regular;;;NO;NO;;NO;NO;Fabricado 379x;CONSERVAR;"Contenido completo y confiable; protegido por auditoria";NO_TOCAR
159;Crimen y castigo;S/D;Placeholder;133, 159;133;NO;NO;;NO;NO;"Placeholder; Duplicado";ELIMINAR_DUPLICADO;"Placeholder y duplicado inferior; copia superior: ID 133";Pendiente de decision manual
160;Los heraldos negros;S/D;Placeholder;134, 147, 160;134;NO;NO;;NO;NO;"Placeholder; Duplicado";ELIMINAR_DUPLICADO;"Placeholder y duplicado inferior; copia superior: ID 134";Pendiente de decision manual
161;Sangre de Campe¾n: Sin Cadenas;S/D;Placeholder;135, 148, 161;135;NO;NO;;NO;NO;"Placeholder; Duplicado";ELIMINAR_DUPLICADO;"Placeholder y duplicado inferior; copia superior: ID 135";Pendiente de decision manual
162;Ciro Alegria   El Mundo Es Ancho Y Ajeno;S/D;Placeholder;136, 149, 162;136;NO;NO;;NO;NO;"Placeholder; Duplicado";ELIMINAR_DUPLICADO;"Placeholder y duplicado inferior; copia superior: ID 136";Pendiente de decision manual
163;CrimenCastigo.PDF;S/D;Placeholder;137, 150, 163;137;NO;NO;;NO;NO;"Placeholder; Duplicado";ELIMINAR_DUPLICADO;"Placeholder y duplicado inferior; copia superior: ID 137";Pendiente de decision manual
175;Rayuelas mentales;Autor desconocido;Regular;;;SI;SI;1364423;SI;NO;Ninguno;REPROCESAR_DESDE_PDF;"Existe fuente PDF fisica valida (1,364,423 bytes); reconstruir contenido y paginacion desde PDF";Ejecutar procesamiento del PDF para extraer texto y generar book_pages
